{
  "servicechain": {
    "SC1": {
      "services": {
        "MS1_1": {
          "meanserv": 2.427502903611013,
          "exitprobability": 0
        },
        "MS1_2": {
          "meanserv": 6.586155486010255,
          "exitprobability": 0
        },
        "MS1_3": {
          "meanserv": 0.9863416103787319,
          "exitprobability": 0
        }
      },
      "sources": [
        {
          "startTime": 0,
          "stopTime": -1,
          "lambda": 0.09
        }
      ]
    }
  },
  "microservice": {
    "MS1_1": "F2",
    "MS1_2": "F1",
    "MS1_3": "F3"
  },
  "fog": {
    "F1": {
      "capacity": 1.0
    },
    "F2": {
      "capacity": 1.0
    },
    "F3": {
      "capacity": 1.0
    }
  },
  "network": [
    [
      0.0,
      3.534661838885495,
      3.534661838885495
    ],
    [
      3.534661838885495,
      0.0,
      2.6064481437937124
    ],
    [
      3.534661838885495,
      2.6064481437937124,
      0.0
    ]
  ]
}